{
	"partitions" : [
		{
			"name" : "Top",
			"pins" : [
				{
					"name" : "hex0[0]",
					"strict" : false
				},
				{
					"name" : "hex0[3]",
					"strict" : false
				},
				{
					"name" : "hex0[6]",
					"strict" : false
				},
				{
					"name" : "hex1[0]",
					"strict" : false
				},
				{
					"name" : "hex1[3]",
					"strict" : false
				},
				{
					"name" : "hex1[6]",
					"strict" : false
				},
				{
					"name" : "hex2[0]",
					"strict" : false
				},
				{
					"name" : "hex2[3]",
					"strict" : false
				},
				{
					"name" : "hex2[6]",
					"strict" : false
				},
				{
					"name" : "hex3[0]",
					"strict" : false
				},
				{
					"name" : "hex3[3]",
					"strict" : false
				},
				{
					"name" : "hex3[6]",
					"strict" : false
				},
				{
					"name" : "hex4[0]",
					"strict" : false
				},
				{
					"name" : "hex4[3]",
					"strict" : false
				},
				{
					"name" : "hex4[6]",
					"strict" : false
				},
				{
					"name" : "hex5[0]",
					"strict" : false
				},
				{
					"name" : "hex5[3]",
					"strict" : false
				},
				{
					"name" : "hex5[6]",
					"strict" : false
				},
				{
					"name" : "clk",
					"strict" : false
				}
			]
		}
	]
}